ticker,sector
VCB.VN,BANKING
CTG.VN,BANKING
TCB.VN,BANKING
BID.VN,BANKING
LPB.VN,BANKING
MBB.VN,BANKING
VPB.VN,BANKING
HDB.VN,BANKING
ACB.VN,BANKING
VIB.VN,BANKING
EIB.VN,BANKING
SHB.VN,BANKING
FPT.VN,TECH
CMG.VN,TECH
ELC.VN,TECH
VGI.VN,TECH
FOX.VN,TECH
CTR.VN,TECH
SSI.VN,FINANCE
VIX.VN,FINANCE
BSI.VN,FINANCE
CTS.VN,FINANCE
VDS.VN,FINANCE
MBS.VN,FINANCE
AGR.VN,FINANCE
HCM.VN,FINANCE
VND.VN,FINANCE
FTS.VN,FINANCE
VCI.VN,FINANCE
BVS.VN,FINANCE
EVF.VN,FINANCE
NKG.VN,THEP
VGS.VN,THEP
HPG.VN,THEP
HSG.VN,THEP
TLH.VN,THEP
MSR.VN,THEP
KDH.VN,BDS
CEO.VN,BDS
VIC.VN,BDS
NTL.VN,BDS
VHM.VN,BDS
DIG.VN,BDS
DXG.VN,BDS
DXS.VN,BDS
AGG.VN,BDS
NLG.VN,BDS
NVL.VN,BDS
HDC.VN,BDS
CII.VN,BDS
TCH.VN,BDS
PDR.VN,BDS
BCM.VN,BCN
PHR.VN,BCN
GVR.VN,BCN
DPR.VN,BCN
KBC.VN,BCN
SGT.VN,BCN
SZC.VN,BCN
DTD.VN,BCN
VGC.VN,BCN
IDC.VN,BCN
SIP.VN,BCN
LHG.VN,BCN
BFC.VN,HCHAT
DGC.VN,HCHAT
DPM.VN,HCHAT
DCM.VN,HCHAT
DDV.VN,HCHAT
CSV.VN,HCHAT
PAT.VN,HCHAT
PLC.VN,HCHAT
MSN.VN,TPHAM
TLG.VN,TPHAM
DBC.VN,TPHAM
KDC.VN,TPHAM
LSS.VN,TPHAM
QNS.VN,TPHAM
VNM.VN,TPHAM
HAG.VN,TPHAM
LTG.VN,TPHAM
PLX.VN,DKHI
GAS.VN,DKHI
PVD.VN,DKHI
PVS.VN,DKHI
BSR.VN,DKHI
OIL.VN,DKHI
PVC.VN,DKHI
CNG.VN,DKHI
PVB.VN,DKHI
FMC.VN,TSAN
CMX.VN,TSAN
ANV.VN,TSAN
MPC.VN,TSAN
ACL.VN,TSAN
VHC.VN,TSAN
ASM.VN,TSAN
IDI.VN,TSAN
MSH.VN,DETM
GIL.VN,DETM
TNG.VN,DETM
TCM.VN,DETM
VGT.VN,DETM
STK.VN,DETM
DHC.VN,SANXUAT
DRC.VN,SANXUAT
VEA.VN,SANXUAT
PTB.VN,SANXUAT
GEX.VN,DIEN
NT2.VN,DIEN
HDG.VN,DIEN
REE.VN,DIEN
POW.VN,DIEN
VSH.VN,DIEN
PGV.VN,DIEN
PC1.VN,DIEN
TV2.VN,DIEN
HAX.VN,BANLE
DGW.VN,BANLE
PNJ.VN,BANLE
MWG.VN,BANLE
CTF.VN,BANLE
FRT.VN,BANLE
PET.VN,BANLE
GMD.VN,VANTAI
PVT.VN,VANTAI
HAH.VN,VANTAI
DXP.VN,VANTAI
SGP.VN,VANTAI
PHP.VN,VANTAI
PVP.VN,VANTAI
VTP.VN,VANTAI
TOS.VN,VANTAI
VSC.VN,VANTAI
DVP.VN,VANTAI
CTD.VN,XAYDUNG
DPG.VN,XAYDUNG
HUT.VN,XAYDUNG
LCG.VN,XAYDUNG
FCN.VN,XAYDUNG
VCG.VN,XAYDUNG
C4G.VN,XAYDUNG
HHV.VN,XAYDUNG
IJC.VN,XAYDUNG
HTN.VN,XAYDUNG
CTI.VN,VATLIEU
NTP.VN,VATLIEU
BCC.VN,VATLIEU
HT1.VN,VATLIEU
BMP.VN,VATLIEU
VCS.VN,VATLIEU
DHA.VN,VATLIEU
NNC.VN,VATLIEU
MVC.VN,VATLIEU
DHG.VN,YTE
DBD.VN,YTE
IMP.VN,YTE
TNH.VN,YTE
DVN.VN,YTE
DHT.VN,BAOHIEM
BVH.VN,BAOHIEM
MIG.VN,BAOHIEM
BIC.VN,BAOHIEM
VNR.VN,BAOHIEM
PVI.VN,BAOHIEM
ABI.VN,BAOHIEM
BMI.VN,BAOHIEM
VJC.VN,HANGKHONG
AST.VN,HANGKHONG
NCT.VN,HANGKHONG
SCS.VN,HANGKHONG
SGN.VN,HANGKHONG
ACV.VN,HANGKHONG
HVN.VN,HANGKHONG
